{"cameraMode":{"drawMode":0,"name":"Shaded","section":"Shading Mode"},"sceneLighting":true,"audioPlay":false,"sceneViewState":{"showFog":true,"showMaterialUpdate":false,"showSkybox":true,"showFlares":true,"showImageEffects":true,"showParticleSystems":true},"in2DMode":false,"pivot":{"x":3.651571750640869,"y":-32.087425231933597,"z":53.802825927734378},"rotation":{"x":-0.30283021926879885,"y":0.02915443666279316,"z":-0.009268583729863167,"w":-0.9525538086891174},"size":190.10867309570313,"orthographic":false}