{"cameraMode":{"drawMode":0,"name":"Shaded","section":"Shading Mode"},"sceneLighting":false,"audioPlay":false,"sceneViewState":{"showFog":true,"showMaterialUpdate":true,"showSkybox":false,"showFlares":true,"showImageEffects":true,"showParticleSystems":true},"in2DMode":false,"pivot":{"x":0.0,"y":0.563208281993866,"z":0.17635147273540498},"rotation":{"x":0.004670565482228994,"y":0.9651297330856323,"z":-0.2612035274505615,"w":0.017377976328134538},"size":2.505202531814575,"orthographic":false}