{"cameraMode":{"drawMode":0,"name":"Shaded","section":"Shading Mode"},"sceneLighting":false,"audioPlay":false,"sceneViewState":{"showFog":true,"showMaterialUpdate":true,"showSkybox":false,"showFlares":true,"showImageEffects":true,"showParticleSystems":true},"in2DMode":false,"pivot":{"x":2.384185791015625e-7,"y":0.4718167781829834,"z":0.028418809175491334},"rotation":{"x":0.004670565482228994,"y":0.9651297330856323,"z":-0.2612035274505615,"w":0.017377976328134538},"size":4.122808456420898,"orthographic":false}