{"cameraMode":{"drawMode":0,"name":"Shaded","section":"Shading Mode"},"sceneLighting":true,"audioPlay":false,"sceneViewState":{"showFog":true,"showMaterialUpdate":true,"showSkybox":true,"showFlares":true,"showImageEffects":true,"showParticleSystems":true},"in2DMode":false,"pivot":{"x":1.947709083557129,"y":31.214698791503908,"z":15.370914459228516},"rotation":{"x":-0.254274845123291,"y":-0.06492223590612412,"z":-0.017147427424788476,"w":0.9648112058639526},"size":37.7607536315918,"orthographic":false}