{"cameraMode":{"drawMode":0,"name":"Shaded","section":"Shading Mode"},"sceneLighting":true,"audioPlay":false,"sceneViewState":{"showFog":true,"showMaterialUpdate":true,"showSkybox":true,"showFlares":true,"showImageEffects":true,"showParticleSystems":true},"in2DMode":false,"pivot":{"x":81.04434967041016,"y":26.660938262939454,"z":31.9128360748291},"rotation":{"x":-0.00168945686891675,"y":0.3749080002307892,"z":-0.000646033848170191,"w":-0.9270739555358887},"size":3.9600627422332765,"orthographic":false}