{"cameraMode":{"drawMode":0,"name":"Shaded","section":"Shading Mode"},"sceneLighting":true,"audioPlay":false,"sceneViewState":{"showFog":true,"showMaterialUpdate":false,"showSkybox":true,"showFlares":true,"showImageEffects":true,"showParticleSystems":true},"in2DMode":false,"pivot":{"x":231.6078643798828,"y":111.71052551269531,"z":464.898193359375},"rotation":{"x":0.0585196428000927,"y":0.09301405400037766,"z":-0.0054779392667114738,"w":0.993932843208313},"size":1793.6092529296875,"orthographic":false}