{"cameraMode":{"drawMode":0,"name":"Shaded","section":"Shading Mode"},"sceneLighting":false,"audioPlay":false,"sceneViewState":{"showFog":true,"showMaterialUpdate":true,"showSkybox":false,"showFlares":true,"showImageEffects":true,"showParticleSystems":true},"in2DMode":false,"pivot":{"x":1.2936525344848633,"y":0.47521162033081057,"z":-0.11247885227203369},"rotation":{"x":0.004670565482228994,"y":0.9651297330856323,"z":-0.2612035274505615,"w":0.017377976328134538},"size":8.656245231628418,"orthographic":false}