{"cameraMode":{"drawMode":0,"name":"Shaded","section":"Shading Mode"},"sceneLighting":true,"audioPlay":false,"sceneViewState":{"showFog":true,"showMaterialUpdate":true,"showSkybox":true,"showFlares":true,"showImageEffects":true,"showParticleSystems":true},"in2DMode":false,"pivot":{"x":112.03121185302735,"y":31.12356948852539,"z":17.32263946533203},"rotation":{"x":-0.16205932199954987,"y":0.7499679327011108,"z":-0.1993335336446762,"w":-0.6095719933509827},"size":84.4999771118164,"orthographic":false}