{"cameraMode":{"drawMode":0,"name":"Shaded","section":"Shading Mode"},"sceneLighting":false,"audioPlay":false,"sceneViewState":{"showFog":true,"showMaterialUpdate":true,"showSkybox":false,"showFlares":true,"showImageEffects":true,"showParticleSystems":true},"in2DMode":false,"pivot":{"x":50.2785758972168,"y":3.696725368499756,"z":60.28764343261719},"rotation":{"x":0.004670565482228994,"y":0.9651297330856323,"z":-0.2612035274505615,"w":0.017377976328134538},"size":18.909080505371095,"orthographic":false}